{"cameraMode":{"drawMode":0,"name":"Shaded","section":"Shading Mode"},"sceneLighting":false,"audioPlay":false,"sceneViewState":{"m_AlwaysRefresh":false,"showFog":true,"showSkybox":false,"showFlares":true,"showImageEffects":true,"showParticleSystems":true,"showVisualEffectGraphs":true,"m_FxEnabled":true},"in2DMode":false,"pivot":{"x":-0.19985069334506989,"y":0.20297279953956605,"z":9.970895767211914},"rotation":{"x":0.11357773095369339,"y":0.7044199109077454,"z":-0.1157701313495636,"w":0.6910197138786316},"size":0.24829667806625367,"orthographic":true}