{"cameraMode":{"drawMode":0,"name":"Shaded","section":"Shading Mode"},"sceneLighting":false,"audioPlay":false,"sceneViewState":{"m_AlwaysRefresh":false,"showFog":true,"showSkybox":false,"showFlares":true,"showImageEffects":true,"showParticleSystems":true,"showVisualEffectGraphs":true,"m_FxEnabled":true},"in2DMode":false,"pivot":{"x":-0.5131443738937378,"y":0.12636253237724305,"z":0.5546795725822449},"rotation":{"x":-0.0009721317910589278,"y":0.9460392594337463,"z":-0.002838118001818657,"w":-0.32404258847236636},"size":1.165185809135437,"orthographic":true}