{"cameraMode":{"drawMode":0,"name":"Shaded","section":"Shading Mode"},"sceneLighting":false,"audioPlay":false,"sceneViewState":{"m_AlwaysRefresh":false,"showFog":true,"showSkybox":false,"showFlares":true,"showImageEffects":true,"showParticleSystems":true,"showVisualEffectGraphs":true,"m_FxEnabled":true},"in2DMode":false,"pivot":{"x":0.10087060928344727,"y":2.4754769802093508,"z":-0.12090587615966797},"rotation":{"x":-0.1793733388185501,"y":-0.7417774200439453,"z":0.21876974403858186,"w":-0.6081138849258423},"size":3.486819267272949,"orthographic":false}